{
  "type": "minecraft:crafting_shaped",
  "pattern": [
    "012",
    "345",
    "678"
  ],
  "key": {
    "0": {
      "item": "minecraft:netherite_scrap"
    },
    "1": {
      "item": "dark_infection:iron_rod"
    },
    "2": {
      "item": "minecraft:netherite_scrap"
    },
    "3": {
      "item": "minecraft:diamond"
    },
    "4": {
      "item": "dark_infection:iron_pole"
    },
    "5": {
      "item": "minecraft:diamond"
    },
    "6": {
      "item": "minecraft:netherite_scrap"
    },
    "7": {
      "item": "minecraft:lapis_block"
    },
    "8": {
      "item": "minecraft:netherite_scrap"
    }
  },
  "result": {
    "item": "dark_infection:blue_pole",
    "count": 1
  }
}