{
  "group": "ofd_to_poud",
  "type": "minecraft:crafting_shaped",
  "pattern": [
    " 1 ",
    "345",
    " 7 "
  ],
  "key": {
    "1": {
      "item": "minecraft:dragon_breath"
    },
    "3": {
      "item": "minecraft:dragon_breath"
    },
    "4": {
      "item": "dark_infection:dark_star"
    },
    "5": {
      "item": "minecraft:dragon_breath"
    },
    "7": {
      "item": "minecraft:dragon_breath"
    }
  },
  "result": {
    "item": "dark_infection:enhanced_dark_star",
    "count": 1
  }
}