{
  "type": "minecraft:crafting_shaped",
  "pattern": [
    "012",
    "345",
    "678"
  ],
  "key": {
    "0": {
      "item": "minecraft:netherite_ingot"
    },
    "1": {
      "tag": "minecraft:coals"
    },
    "2": {
      "item": "minecraft:black_dye"
    },
    "3": {
      "tag": "minecraft:coals"
    },
    "4": {
      "item": "minecraft:heart_of_the_sea"
    },
    "5": {
      "tag": "minecraft:coals"
    },
    "6": {
      "item": "dark_infection:darkdirt"
    },
    "7": {
      "tag": "minecraft:coals"
    },
    "8": {
      "item": "minecraft:netherite_ingot"
    }
  },
  "result": {
    "item": "dark_infection:itemorbofdarkness",
    "count": 1
  }
}