{
  "display": {
    "background": "dark_infection:textures/screens/darkdirt.png",
    "icon": {
      "item": "dark_infection:darkdirt"
    },
    "title": {
      "translate": "advancements.the_dark_infection.title"
    },
    "description": {
      "translate": "advancements.the_dark_infection.descr"
    },
    "frame": "task",
    "show_toast": true,
    "announce_to_chat": true,
    "hidden": true
  },
  "criteria": {
    "the_dark_infection": {
      "trigger": "minecraft:impossible"
    }
  }
}