{
  "_fv": 33,
  "_type": "item",
  "definition": {
    "renderType": 0,
    "texture": "dark_star",
    "customModelName": "Normal",
    "name": "Enhanced Dark Star",
    "rarity": "RARE",
    "creativeTab": {
      "value": "CUSTOM:Darkinfected"
    },
    "stackSize": 1,
    "enchantability": 0,
    "useDuration": 0,
    "toolType": 1.0,
    "damageCount": 240,
    "recipeRemainder": {
      "value": ""
    },
    "destroyAnyBlock": false,
    "immuneToFire": true,
    "stayInGridWhenCrafting": false,
    "damageOnCrafting": false,
    "enableMeleeDamage": false,
    "damageVsEntity": 0.0,
    "specialInfo": [
      "Darker than ever imagined..."
    ],
    "hasGlow": true,
    "guiBoundTo": "<NONE>",
    "inventorySize": 9,
    "inventoryStackSize": 64,
    "onRightClickedOnBlock": {
      "name": "BallofdarknessRightClickedOnBlock"
    },
    "isFood": false,
    "nutritionalValue": 0,
    "saturation": 0.30000001192092896,
    "eatResultItem": {
      "value": ""
    },
    "isMeat": false,
    "isAlwaysEdible": false,
    "animation": "eat"
  }
}