{
  "_fv": 33,
  "_type": "recipe",
  "definition": {
    "recipeType": "Crafting",
    "xpReward": 0.0,
    "cookingTime": 200,
    "recipeRetstackSize": 1,
    "group": "purif",
    "recipeShapeless": false,
    "recipeSlots": [
      {
        "value": "Items.GOLDEN_APPLE"
      },
      {
        "value": "Items.QUARTZ"
      },
      {
        "value": "Items.GOLDEN_APPLE"
      },
      {
        "value": "Items.QUARTZ"
      },
      {
        "value": "Items.GOLDEN_APPLE#1"
      },
      {
        "value": "Items.QUARTZ"
      },
      {
        "value": "Items.GOLDEN_APPLE"
      },
      {
        "value": "Items.QUARTZ"
      },
      {
        "value": "Items.GOLDEN_APPLE"
      }
    ],
    "recipeReturnStack": {
      "value": "CUSTOM:Pureafyingapp"
    },
    "name": "pa",
    "namespace": "mod"
  }
}