{
  "_fv": 33,
  "_type": "armor",
  "definition": {
    "enableHelmet": true,
    "textureHelmet": "qenh",
    "enableBody": true,
    "textureBody": "qenc",
    "enableLeggings": true,
    "textureLeggings": "qenl",
    "enableBoots": true,
    "textureBoots": "qenb",
    "creativeTab": {
      "value": "CUSTOM:Darkinfected"
    },
    "armorTextureFile": "qen_",
    "helmetName": "Quartz Enriched Netherite Helmet",
    "bodyName": "Quartz Enriched Netherite Chestplate",
    "leggingsName": "Quartz Enriched Netherite Leggings",
    "bootsName": "Quartz Enriched Netherite Boots",
    "helmetSpecialInfo": [],
    "bodySpecialInfo": [],
    "leggingsSpecialInfo": [],
    "bootsSpecialInfo": [],
    "helmetModelName": "Default",
    "helmetModelPart": "Helmet",
    "helmetModelTexture": "From armor",
    "bodyModelName": "Default",
    "bodyModelPart": "Body",
    "armsModelPartL": "Arms L",
    "armsModelPartR": "Arms R",
    "bodyModelTexture": "From armor",
    "leggingsModelName": "Default",
    "leggingsModelPartL": "Leggings L",
    "leggingsModelPartR": "Leggings R",
    "leggingsModelTexture": "From armor",
    "bootsModelName": "Default",
    "bootsModelPartL": "Boots L",
    "bootsModelPartR": "Boots R",
    "bootsModelTexture": "From armor",
    "helmetImmuneToFire": true,
    "bodyImmuneToFire": true,
    "leggingsImmuneToFire": true,
    "bootsImmuneToFire": true,
    "maxDamage": 253,
    "damageValueHelmet": 3,
    "damageValueBody": 8,
    "damageValueLeggings": 7,
    "damageValueBoots": 3,
    "enchantability": 40,
    "toughness": 3.0,
    "knockbackResistance": 0.2,
    "equipSound": {
      "value": "item.armor.equip_netherite"
    },
    "repairItems": [
      {
        "value": "CUSTOM:QuartzEnrichedNetherite"
      }
    ]
  }
}