{
  "_fv": 33,
  "_type": "recipe",
  "definition": {
    "recipeType": "Smithing",
    "xpReward": 0.0,
    "cookingTime": 200,
    "recipeRetstackSize": 1,
    "group": "",
    "recipeShapeless": false,
    "smithingInputStack": {
      "value": "Items.NETHERITE_PICKAXE"
    },
    "smithingInputAdditionStack": {
      "value": "CUSTOM:QuartzEnrichedNetherite"
    },
    "smithingReturnStack": {
      "value": "CUSTOM:QuartzPickaxe"
    },
    "name": "quartz_pickaxe_recipe",
    "namespace": "mod"
  }
}