{
  "_fv": 33,
  "_type": "achievement",
  "definition": {
    "achievementName": "Cover Me in Darkness",
    "achievementDescription": "Surround yourself in the void... and it will bless you.",
    "achievementIcon": {
      "value": "CUSTOM:Darkarmor.body"
    },
    "background": "Default",
    "disableDisplay": false,
    "showPopup": true,
    "announceToChat": true,
    "hideIfNotCompleted": true,
    "rewardLoot": [],
    "rewardRecipes": [],
    "rewardFunction": "No function",
    "rewardXP": 0,
    "achievementType": "challenge",
    "parent": {
      "value": "CUSTOM:TheAbsoluteDark"
    },
    "triggerxml": "<xml xmlns=\"https://developers.google.com/blockly/xml\"><block type=\"custom_trigger\" x=\"41\" y=\"46\"><next><block type=\"advancement_trigger\" deletable=\"false\"></block></next></block></xml>"
  }
}