{
  "_fv": 33,
  "_type": "achievement",
  "definition": {
    "achievementName": "The Void King",
    "achievementDescription": "Become the King of the Darkness",
    "achievementIcon": {
      "value": "CUSTOM:Voidking.helmet"
    },
    "background": "Default",
    "disableDisplay": false,
    "showPopup": true,
    "announceToChat": true,
    "hideIfNotCompleted": true,
    "rewardLoot": [],
    "rewardRecipes": [],
    "rewardFunction": "No function",
    "rewardXP": 0,
    "achievementType": "task",
    "parent": {
      "value": "CUSTOM:TheVoidAdvancement"
    },
    "triggerxml": "<xml xmlns=\"https://developers.google.com/blockly/xml\"><block type=\"custom_trigger\" x=\"40\" y=\"36\"><next><block type=\"advancement_trigger\" deletable=\"false\"></block></next></block></xml>"
  }
}