{
  "credit": "Made with Blockbench",
  "texture_size": [
    32,
    32
  ],
  "elements": [
    {
      "from": [
        7.6,
        2,
        7.6
      ],
      "to": [
        8.4,
        30,
        8.4
      ],
      "faces": {
        "north": {
          "uv": [
            10.5,
            2,
            11,
            16
          ],
          "texture": "#1"
        },
        "east": {
          "uv": [
            10.5,
            2,
            11,
            16
          ],
          "texture": "#1"
        },
        "south": {
          "uv": [
            10.5,
            2,
            11,
            16
          ],
          "texture": "#1"
        },
        "west": {
          "uv": [
            10.5,
            2,
            11,
            16
          ],
          "texture": "#1"
        },
        "up": {
          "uv": [
            11,
            2.5,
            10.5,
            2
          ],
          "texture": "#1"
        },
        "down": {
          "uv": [
            11,
            15.5,
            10.5,
            16
          ],
          "texture": "#1"
        }
      }
    },
    {
      "from": [
        7.5,
        2.6,
        7.5
      ],
      "to": [
        8.5,
        15.1,
        8.5
      ],
      "faces": {
        "north": {
          "uv": [
            0,
            0,
            0.25,
            3
          ],
          "texture": "#1"
        },
        "east": {
          "uv": [
            0,
            0,
            0.25,
            3
          ],
          "texture": "#1"
        },
        "south": {
          "uv": [
            0,
            0,
            0.25,
            3
          ],
          "texture": "#1"
        },
        "west": {
          "uv": [
            0,
            0,
            0.25,
            3
          ],
          "texture": "#1"
        },
        "up": {
          "uv": [
            0.25,
            0.25,
            0,
            0
          ],
          "texture": "#1"
        },
        "down": {
          "uv": [
            0.25,
            0,
            0,
            0.25
          ],
          "texture": "#1"
        }
      }
    },
    {
      "from": [
        7.7,
        1.6,
        7.475
      ],
      "to": [
        8.3,
        3,
        8.525
      ],
      "faces": {
        "north": {
          "uv": [
            3,
            0.25,
            3.15,
            0.6
          ],
          "texture": "#1"
        },
        "east": {
          "uv": [
            15.75,
            0,
            16,
            0.35
          ],
          "texture": "#1"
        },
        "south": {
          "uv": [
            15.85,
            0,
            16,
            0.35
          ],
          "texture": "#1"
        },
        "west": {
          "uv": [
            15.75,
            0,
            16,
            0.35
          ],
          "texture": "#1"
        },
        "up": {
          "uv": [
            15.85,
            0,
            16,
            0.25
          ],
          "texture": "#1"
        },
        "down": {
          "uv": [
            15.85,
            0.25,
            16,
            0.5
          ],
          "texture": "#1"
        }
      }
    },
    {
      "from": [
        7.7,
        0.4,
        8.4
      ],
      "to": [
        8.3,
        2,
        8.6
      ],
      "faces": {
        "north": {
          "uv": [
            1.5,
            0,
            1.65,
            0.4
          ],
          "texture": "#1"
        },
        "east": {
          "uv": [
            15.8,
            0,
            15.85,
            0.4
          ],
          "texture": "#1"
        },
        "south": {
          "uv": [
            15.85,
            0,
            16,
            0.4
          ],
          "texture": "#1"
        },
        "west": {
          "uv": [
            15.8,
            0,
            15.85,
            0.4
          ],
          "texture": "#1"
        },
        "up": {
          "uv": [
            15.85,
            0,
            16,
            0.05
          ],
          "texture": "#1"
        },
        "down": {
          "uv": [
            15.85,
            0,
            16,
            0.05
          ],
          "texture": "#1"
        }
      }
    },
    {
      "from": [
        7.7,
        0.4,
        7.6
      ],
      "to": [
        8.3,
        0.6,
        8.4
      ],
      "faces": {
        "north": {
          "uv": [
            15.85,
            0,
            16,
            0.05
          ],
          "texture": "#1"
        },
        "east": {
          "uv": [
            15.8,
            0,
            16,
            0.05
          ],
          "texture": "#1"
        },
        "south": {
          "uv": [
            15.85,
            0,
            16,
            0.05
          ],
          "texture": "#1"
        },
        "west": {
          "uv": [
            15.8,
            0,
            16,
            0.05
          ],
          "texture": "#1"
        },
        "up": {
          "uv": [
            15.85,
            0,
            16,
            0.2
          ],
          "texture": "#1"
        },
        "down": {
          "uv": [
            15.85,
            0,
            16,
            0.2
          ],
          "texture": "#1"
        }
      }
    },
    {
      "from": [
        7.7,
        0.4,
        7.4
      ],
      "to": [
        8.3,
        2,
        7.6
      ],
      "faces": {
        "north": {
          "uv": [
            1.5,
            0,
            1.65,
            0.4
          ],
          "texture": "#1"
        },
        "east": {
          "uv": [
            15.8,
            0,
            15.85,
            0.4
          ],
          "texture": "#1"
        },
        "south": {
          "uv": [
            15.85,
            0,
            16,
            0.4
          ],
          "texture": "#1"
        },
        "west": {
          "uv": [
            15.8,
            0,
            15.85,
            0.4
          ],
          "texture": "#1"
        },
        "up": {
          "uv": [
            15.85,
            0,
            16,
            0.05
          ],
          "texture": "#1"
        },
        "down": {
          "uv": [
            15.85,
            0,
            16,
            0.05
          ],
          "texture": "#1"
        }
      }
    },
    {
      "from": [
        7.45,
        14,
        7.45
      ],
      "to": [
        8.55,
        15,
        8.55
      ],
      "faces": {
        "north": {
          "uv": [
            0,
            0.25,
            0.275,
            0.5
          ],
          "texture": "#1"
        },
        "east": {
          "uv": [
            0,
            0.5,
            0.275,
            0.75
          ],
          "texture": "#1"
        },
        "south": {
          "uv": [
            0,
            1.25,
            0.275,
            1.5
          ],
          "texture": "#1"
        },
        "west": {
          "uv": [
            0,
            0.75,
            0.275,
            1
          ],
          "texture": "#1"
        },
        "up": {
          "uv": [
            0,
            1,
            0.275,
            1.275
          ],
          "texture": "#1"
        },
        "down": {
          "uv": [
            0,
            1.5,
            0.275,
            1.775
          ],
          "texture": "#1"
        }
      }
    },
    {
      "from": [
        7.65,
        30,
        7.65
      ],
      "to": [
        8.35,
        31.2,
        8.35
      ],
      "faces": {
        "north": {
          "uv": [
            15.825,
            0,
            16,
            0.3
          ],
          "texture": "#1"
        },
        "east": {
          "uv": [
            15.825,
            0,
            16,
            0.3
          ],
          "texture": "#1"
        },
        "south": {
          "uv": [
            15.575,
            0,
            16,
            0.55
          ],
          "texture": "#1"
        },
        "west": {
          "uv": [
            15.825,
            0,
            16,
            0.3
          ],
          "texture": "#1"
        },
        "up": {
          "uv": [
            15.825,
            0,
            16,
            0.175
          ],
          "texture": "#1"
        },
        "down": {
          "uv": [
            15.825,
            0,
            16,
            0.175
          ],
          "texture": "#1"
        }
      }
    }
  ],
  "display": {
    "thirdperson_righthand": {
      "translation": [
        0,
        -2,
        0.75
      ]
    },
    "thirdperson_lefthand": {
      "translation": [
        0,
        -1.5,
        1
      ]
    },
    "firstperson_righthand": {
      "rotation": [
        -12,
        0,
        0
      ],
      "translation": [
        0,
        -2.75,
        0
      ]
    },
    "firstperson_lefthand": {
      "rotation": [
        -8.75,
        0,
        0
      ],
      "translation": [
        0,
        -4,
        0
      ]
    },
    "ground": {
      "rotation": [
        13.1,
        -12.25,
        -86.45
      ],
      "translation": [
        -8.5,
        -1.25,
        -1.75
      ]
    },
    "gui": {
      "rotation": [
        0,
        0,
        -46
      ],
      "translation": [
        -6.5,
        -5,
        0
      ]
    },
    "head": {
      "rotation": [
        101.5,
        0,
        0
      ],
      "translation": [
        -1.25,
        0,
        -8
      ]
    },
    "fixed": {
      "rotation": [
        0,
        0,
        47
      ],
      "translation": [
        6.5,
        -6,
        -1.25
      ]
    }
  }
}