{
  "_fv": 28,
  "_type": "item",
  "definition": {
    "renderType": 0,
    "texture": "bluepole",
    "customModelName": "Normal",
    "name": "Blue Pole",
    "rarity": "UNCOMMON",
    "creativeTab": {
      "value": "CUSTOM:Darkinfected"
    },
    "stackSize": 1,
    "enchantability": 15,
    "useDuration": 0,
    "toolType": 0.8,
    "damageCount": 0,
    "recipeRemainder": {
      "value": ""
    },
    "destroyAnyBlock": false,
    "immuneToFire": true,
    "stayInGridWhenCrafting": false,
    "damageOnCrafting": false,
    "enableMeleeDamage": false,
    "damageVsEntity": 9.0,
    "specialInfo": [
      "Dangerous..."
    ],
    "hasGlow": false,
    "guiBoundTo": "<NONE>",
    "inventorySize": 9,
    "inventoryStackSize": 64,
    "hasDispenseBehavior": false,
    "isFood": false,
    "nutritionalValue": 4,
    "saturation": 0.3,
    "eatResultItem": {
      "value": ""
    },
    "isMeat": false,
    "isAlwaysEdible": false,
    "animation": "eat"
  }
}