{
  "_fv": 28,
  "_type": "tool",
  "definition": {
    "renderType": 0,
    "texture": "darkpickaxe",
    "customModelName": "Normal",
    "name": "Dark Pickaxe",
    "specialInfo": [],
    "creativeTab": {
      "value": "CUSTOM:Darkinfected"
    },
    "toolType": "Pickaxe",
    "harvestLevel": 6,
    "efficiency": 15.0,
    "attackSpeed": 1.0,
    "enchantability": 40,
    "damageVsEntity": 7.0,
    "usageCount": 4062,
    "blocksAffected": [],
    "hasGlow": false,
    "repairItems": [
      {
        "value": "CUSTOM:DarkIngot"
      }
    ],
    "immuneToFire": true,
    "stayInGridWhenCrafting": false,
    "damageOnCrafting": false
  }
}