{
  "_fv": 28,
  "_type": "rangeditem",
  "definition": {
    "renderType": 0,
    "texture": "bluepole",
    "customModelName": "Normal",
    "name": "Dark Orb",
    "specialInfo": [
      "debug item"
    ],
    "creativeTab": {
      "value": "No creative tab entry"
    },
    "stackSize": 1,
    "ammoItem": {
      "value": ""
    },
    "shootConstantly": false,
    "usageCount": 100,
    "actionSound": {
      "value": "entity.lightning.thunder"
    },
    "hasGlow": true,
    "animation": "spear",
    "enableMeleeDamage": false,
    "damageVsEntity": 0.0,
    "bulletPower": 3.0,
    "bulletDamage": 7.0,
    "bulletKnockback": 0,
    "bulletParticles": true,
    "bulletIgnitesFire": false,
    "bulletItemTexture": {
      "value": "CUSTOM:DarkStar"
    },
    "bulletModel": "Modelcustom_model",
    "customBulletModelTexture": "yes.png"
  }
}