{
  "_fv": 28,
  "_type": "achievement",
  "definition": {
    "achievementName": "Darkling Level 1",
    "achievementDescription": "Become a Darkling",
    "achievementIcon": {
      "value": "CUSTOM:Darkdirt"
    },
    "background": "Default",
    "disableDisplay": false,
    "showPopup": true,
    "announceToChat": true,
    "hideIfNotCompleted": true,
    "rewardLoot": [],
    "rewardRecipes": [],
    "rewardFunction": "No function",
    "rewardXP": 0,
    "achievementType": "challenge",
    "parent": {
      "value": "CUSTOM:TheDarkInfection"
    },
    "triggerxml": "<xml xmlns=\"https://developers.google.com/blockly/xml\"><block type=\"custom_trigger\" x=\"45\" y=\"50\"><next><block type=\"advancement_trigger\" deletable=\"false\"></block></next></block></xml>"
  }
}