{
  "_fv": 28,
  "_type": "recipe",
  "definition": {
    "recipeType": "Crafting",
    "xpReward": 0.0,
    "cookingTime": 200,
    "recipeRetstackSize": 1,
    "group": "",
    "recipeShapeless": false,
    "recipeSlots": [
      {
        "value": "Items.NETHERITE_INGOT"
      },
      {
        "value": "Items.COAL"
      },
      {
        "value": "Items.DYE#16"
      },
      {
        "value": "Items.COAL"
      },
      {
        "value": "Items.HEART_OF_THE_SEA"
      },
      {
        "value": "Items.COAL"
      },
      {
        "value": "CUSTOM:Darkdirt"
      },
      {
        "value": "Items.COAL"
      },
      {
        "value": "Items.NETHERITE_INGOT"
      }
    ],
    "recipeReturnStack": {
      "value": "CUSTOM:Itemorbofdarkness"
    },
    "name": "orb_of_darkness",
    "namespace": "mod"
  }
}