{
  "_fv": 28,
  "_type": "recipe",
  "definition": {
    "recipeType": "Smithing",
    "xpReward": 0.0,
    "cookingTime": 200,
    "recipeRetstackSize": 1,
    "group": "",
    "recipeShapeless": false,
    "smithingInputStack": {
      "value": "Items.NETHERITE_AXE"
    },
    "smithingInputAdditionStack": {
      "value": "CUSTOM:QuartzEnrichedNetherite"
    },
    "smithingReturnStack": {
      "value": "CUSTOM:QuartzAxe"
    },
    "name": "quartz_axe_recipe",
    "namespace": "mod"
  }
}