{
  "_fv": 28,
  "_type": "achievement",
  "definition": {
    "achievementName": "The Dark Infection",
    "achievementDescription": "The darkness within us all grows...",
    "achievementIcon": {
      "value": "CUSTOM:Darkdirt"
    },
    "background": "darkdirt.png",
    "disableDisplay": false,
    "showPopup": true,
    "announceToChat": true,
    "hideIfNotCompleted": true,
    "rewardLoot": [],
    "rewardRecipes": [],
    "rewardFunction": "No function",
    "rewardXP": 0,
    "achievementType": "task",
    "parent": {
      "value": "No parent: root"
    },
    "triggerxml": "<xml xmlns=\"https://developers.google.com/blockly/xml\"><block type=\"custom_trigger\" x=\"47\" y=\"42\"><next><block type=\"advancement_trigger\" deletable=\"false\"></block></next></block></xml>"
  }
}