{
  "_fv": 28,
  "_type": "achievement",
  "definition": {
    "achievementName": "The Void",
    "achievementDescription": "Enter the Darkness.",
    "achievementIcon": {
      "value": "CUSTOM:Voidvile"
    },
    "background": "Default",
    "disableDisplay": false,
    "showPopup": true,
    "announceToChat": true,
    "hideIfNotCompleted": false,
    "rewardLoot": [],
    "rewardRecipes": [],
    "rewardFunction": "No function",
    "rewardXP": 0,
    "achievementType": "task",
    "parent": {
      "value": "CUSTOM:DarklingLevel1"
    },
    "triggerxml": "<xml xmlns=\"https://developers.google.com/blockly/xml\"><block type=\"custom_trigger\" x=\"46\" y=\"189\"><next><block type=\"advancement_trigger\" deletable=\"false\"></block></next></block></xml>"
  }
}