{
  "_fv": 28,
  "_type": "recipe",
  "definition": {
    "recipeType": "Crafting",
    "xpReward": 0.0,
    "cookingTime": 200,
    "recipeRetstackSize": 1,
    "group": "",
    "recipeShapeless": false,
    "recipeSlots": [
      {
        "value": "CUSTOM:Voidvile"
      },
      {
        "value": "CUSTOM:Strangev"
      },
      {
        "value": "CUSTOM:Curev"
      },
      {
        "value": "CUSTOM:QuartzEnrichedNetherite"
      },
      {
        "value": "CUSTOM:Darkarmor.body"
      },
      {
        "value": "CUSTOM:QuartzEnrichedNetherite"
      },
      {
        "value": ""
      },
      {
        "value": "CUSTOM:QuartzEnrichedNetherite"
      },
      {
        "value": ""
      }
    ],
    "recipeReturnStack": {
      "value": "CUSTOM:Voidking.body"
    },
    "name": "voidarmor",
    "namespace": "mod"
  }
}