{
  "_fv": 33,
  "_type": "armor",
  "definition": {
    "enableHelmet": true,
    "textureHelmet": "vkhelm",
    "enableBody": true,
    "textureBody": "vkchest",
    "enableLeggings": true,
    "textureLeggings": "vkpanth",
    "enableBoots": true,
    "textureBoots": "vkboot",
    "onHelmetTick": {
      "name": "VoidkingBodyTickEvent"
    },
    "onBodyTick": {
      "name": "VoidkingBodyTickEvent"
    },
    "onLeggingsTick": {
      "name": "VoidkingBodyTickEvent"
    },
    "onBootsTick": {
      "name": "VoidkingBodyTickEvent"
    },
    "creativeTab": {
      "value": "CUSTOM:Darkinfected"
    },
    "armorTextureFile": "dark_",
    "helmetName": "Voidking Helmet",
    "bodyName": "Voidking Body",
    "leggingsName": "Voidking Leggings",
    "bootsName": "Voidking Boots",
    "helmetSpecialInfo": [],
    "bodySpecialInfo": [],
    "leggingsSpecialInfo": [],
    "bootsSpecialInfo": [],
    "helmetModelName": "Modelvoidking_armor",
    "helmetModelPart": "Head",
    "helmetModelTexture": "voidking_armor.png",
    "bodyModelName": "Modelvoidking_armor",
    "bodyModelPart": "Body",
    "armsModelPartL": "LeftArm",
    "armsModelPartR": "RightArm",
    "bodyModelTexture": "voidking_armor.png",
    "leggingsModelName": "Modelvoidking_armor",
    "leggingsModelPartL": "LeftLeg",
    "leggingsModelPartR": "RightLeg",
    "leggingsModelTexture": "voidking_armor.png",
    "bootsModelName": "Modelvoidking_armor",
    "bootsModelPartL": "lboot",
    "bootsModelPartR": "rboot",
    "bootsModelTexture": "voidking_armor.png",
    "helmetImmuneToFire": true,
    "bodyImmuneToFire": true,
    "leggingsImmuneToFire": true,
    "bootsImmuneToFire": false,
    "maxDamage": 37,
    "damageValueHelmet": 13,
    "damageValueBody": 15,
    "damageValueLeggings": 16,
    "damageValueBoots": 11,
    "enchantability": 25,
    "toughness": 4.0,
    "knockbackResistance": 2.0,
    "equipSound": {
      "value": "entity.enderdragon.growl"
    },
    "repairItems": []
  }
}