{
  "_fv": 34,
  "_type": "recipe",
  "definition": {
    "recipeType": "Crafting",
    "xpReward": 0.0,
    "cookingTime": 200,
    "recipeRetstackSize": 1,
    "group": "",
    "recipeShapeless": false,
    "recipeSlots": [
      {
        "value": "Items.NETHERITE_SCRAP"
      },
      {
        "value": "CUSTOM:IronRod"
      },
      {
        "value": "Items.NETHERITE_SCRAP"
      },
      {
        "value": "Items.DIAMOND"
      },
      {
        "value": "CUSTOM:IronPole"
      },
      {
        "value": "Items.DIAMOND"
      },
      {
        "value": "Items.NETHERITE_SCRAP"
      },
      {
        "value": "Blocks.LAPIS_BLOCK"
      },
      {
        "value": "Items.NETHERITE_SCRAP"
      }
    ],
    "recipeReturnStack": {
      "value": "CUSTOM:BluePole"
    },
    "name": "blue_pole_recipe",
    "namespace": "mod"
  }
}