{
  "_fv": 34,
  "_type": "achievement",
  "definition": {
    "achievementName": "Cover Me In Quartz",
    "achievementDescription": "Woah! How immune is this...?",
    "achievementIcon": {
      "value": "CUSTOM:QuartzEnrichedNetheriteArmor.helmet"
    },
    "background": "Default",
    "disableDisplay": false,
    "showPopup": true,
    "announceToChat": true,
    "hideIfNotCompleted": true,
    "rewardLoot": [],
    "rewardRecipes": [],
    "rewardFunction": "No function",
    "rewardXP": 120,
    "achievementType": "challenge",
    "parent": {
      "value": "CUSTOM:TheDarkInfection"
    },
    "triggerxml": "<xml xmlns=\"https://developers.google.com/blockly/xml\"><block type=\"custom_trigger\" x=\"32\" y=\"113\"><next><block type=\"advancement_trigger\" deletable=\"false\"></block></next></block></xml>"
  }
}