{
  "_fv": 34,
  "_type": "armor",
  "definition": {
    "enableHelmet": true,
    "textureHelmet": "darkh",
    "enableBody": true,
    "textureBody": "darkc",
    "enableLeggings": true,
    "textureLeggings": "darkl",
    "enableBoots": true,
    "textureBoots": "darkb",
    "onBodyTick": {
      "name": "DarkarmorBodyTickEvent"
    },
    "creativeTab": {
      "value": "CUSTOM:Darkinfected"
    },
    "armorTextureFile": "dark_armor_",
    "helmetName": "Dark Helmet",
    "bodyName": "Dark Chestplate",
    "leggingsName": "Dark Leggings",
    "bootsName": "Dark Boots",
    "helmetSpecialInfo": [],
    "bodySpecialInfo": [],
    "leggingsSpecialInfo": [],
    "bootsSpecialInfo": [],
    "helmetModelName": "Default",
    "helmetModelPart": "Helmet",
    "helmetModelTexture": "From armor",
    "bodyModelName": "Default",
    "bodyModelPart": "Body",
    "armsModelPartL": "Arms L",
    "armsModelPartR": "Arms R",
    "bodyModelTexture": "From armor",
    "leggingsModelName": "Default",
    "leggingsModelPartL": "Leggings L",
    "leggingsModelPartR": "Leggings R",
    "leggingsModelTexture": "From armor",
    "bootsModelName": "Default",
    "bootsModelPartL": "Boots L",
    "bootsModelPartR": "Boots R",
    "bootsModelTexture": "From armor",
    "helmetImmuneToFire": true,
    "bodyImmuneToFire": true,
    "leggingsImmuneToFire": true,
    "bootsImmuneToFire": true,
    "maxDamage": 253,
    "damageValueHelmet": 3,
    "damageValueBody": 8,
    "damageValueLeggings": 7,
    "damageValueBoots": 3,
    "enchantability": 40,
    "toughness": 3.0,
    "knockbackResistance": 0.2,
    "equipSound": {
      "value": "item.armor.equip_netherite"
    },
    "repairItems": [
      {
        "value": "CUSTOM:DarkIngot"
      }
    ]
  }
}