{
  "_fv": 34,
  "_type": "achievement",
  "definition": {
    "achievementName": "Darkling Level 3",
    "achievementDescription": "Envelop yourself in the darkness...",
    "achievementIcon": {
      "value": "CUSTOM:EnhancedDarkStar"
    },
    "background": "Default",
    "disableDisplay": false,
    "showPopup": true,
    "announceToChat": true,
    "hideIfNotCompleted": true,
    "rewardLoot": [],
    "rewardRecipes": [],
    "rewardFunction": "No function",
    "rewardXP": 20,
    "achievementType": "task",
    "parent": {
      "value": "CUSTOM:DarklingLevel2"
    },
    "triggerxml": "<xml xmlns=\"https://developers.google.com/blockly/xml\"><block type=\"custom_trigger\" x=\"44\" y=\"46\"><next><block type=\"advancement_trigger\" deletable=\"false\"></block></next></block></xml>"
  }
}