{
  "_fv": 34,
  "_type": "achievement",
  "definition": {
    "achievementName": "Darkling Level 2",
    "achievementDescription": "Delve Further into the Darkness",
    "achievementIcon": {
      "value": "CUSTOM:DarkCarrot"
    },
    "background": "Default",
    "disableDisplay": false,
    "showPopup": true,
    "announceToChat": true,
    "hideIfNotCompleted": false,
    "rewardLoot": [],
    "rewardRecipes": [],
    "rewardFunction": "No function",
    "rewardXP": 0,
    "achievementType": "task",
    "parent": {
      "value": "CUSTOM:TheAbsoluteDark"
    },
    "triggerxml": "<xml xmlns=\"https://developers.google.com/blockly/xml\"><block type=\"custom_trigger\" x=\"32\" y=\"46\"><next><block type=\"advancement_trigger\" deletable=\"false\"></block></next></block></xml>"
  }
}