{
  "_fv": 34,
  "_type": "tool",
  "definition": {
    "renderType": 0,
    "texture": "darkhoe",
    "customModelName": "Normal",
    "name": "Dark Hoe",
    "specialInfo": [],
    "creativeTab": {
      "value": "CUSTOM:Darkinfected"
    },
    "toolType": "Hoe",
    "harvestLevel": 6,
    "efficiency": 15.0,
    "attackSpeed": 0.8,
    "enchantability": 40,
    "damageVsEntity": 5.0,
    "usageCount": 4062,
    "blocksAffected": [],
    "hasGlow": false,
    "repairItems": [
      {
        "value": "CUSTOM:DarkIngot"
      }
    ],
    "immuneToFire": true,
    "stayInGridWhenCrafting": false,
    "damageOnCrafting": false
  }
}