{
  "_fv": 34,
  "_type": "recipe",
  "definition": {
    "recipeType": "Crafting",
    "xpReward": 0.0,
    "cookingTime": 200,
    "recipeRetstackSize": 1,
    "group": "ofd_to_poud",
    "recipeShapeless": false,
    "recipeSlots": [
      {
        "value": ""
      },
      {
        "value": "Items.DRAGON_BREATH"
      },
      {
        "value": ""
      },
      {
        "value": "Items.DRAGON_BREATH"
      },
      {
        "value": "CUSTOM:DarkStar"
      },
      {
        "value": "Items.DRAGON_BREATH"
      },
      {
        "value": ""
      },
      {
        "value": "Items.DRAGON_BREATH"
      },
      {
        "value": ""
      }
    ],
    "recipeReturnStack": {
      "value": "CUSTOM:EnhancedDarkStar"
    },
    "name": "enhanced_dark_star_recipe",
    "namespace": "mod"
  }
}