{
  "_fv": 34,
  "_type": "recipe",
  "definition": {
    "recipeType": "Smithing",
    "xpReward": 0.0,
    "cookingTime": 200,
    "recipeRetstackSize": 1,
    "group": "qena",
    "recipeShapeless": false,
    "smithingInputStack": {
      "value": "Items.NETHERITE_BOOTS"
    },
    "smithingInputAdditionStack": {
      "value": "CUSTOM:QuartzEnrichedNetherite"
    },
    "smithingReturnStack": {
      "value": "CUSTOM:QuartzEnrichedNetheriteArmor.boots"
    },
    "name": "qenb_recipe",
    "namespace": "mod"
  }
}