{
  "_fv": 34,
  "_type": "tool",
  "definition": {
    "renderType": 1,
    "texture": "vks",
    "customModelName": "vk_sword:default",
    "name": "Voidkingsword",
    "specialInfo": [],
    "creativeTab": {
      "value": "CUSTOM:Darkinfected"
    },
    "toolType": "Sword",
    "harvestLevel": 1,
    "efficiency": 4.0,
    "attackSpeed": 1.0,
    "enchantability": 0,
    "damageVsEntity": 9.0,
    "usageCount": 100000,
    "blocksAffected": [],
    "hasGlow": false,
    "repairItems": [
      {
        "value": "Items.DYE#4"
      }
    ],
    "immuneToFire": true,
    "stayInGridWhenCrafting": false,
    "damageOnCrafting": false
  }
}