{
  "_fv": 34,
  "_type": "recipe",
  "definition": {
    "recipeType": "Crafting",
    "xpReward": 0.0,
    "cookingTime": 200,
    "recipeRetstackSize": 1,
    "group": "",
    "recipeShapeless": false,
    "recipeSlots": [
      {
        "value": ""
      },
      {
        "value": ""
      },
      {
        "value": "Items.IRON_NUGGET"
      },
      {
        "value": "CUSTOM:Curev"
      },
      {
        "value": "CUSTOM:BluePole"
      },
      {
        "value": ""
      },
      {
        "value": "Items.IRON_NUGGET"
      },
      {
        "value": "CUSTOM:Voidvile"
      },
      {
        "value": ""
      }
    ],
    "recipeReturnStack": {
      "value": "CUSTOM:Voidkingsword"
    },
    "name": "voidkingswordres",
    "namespace": "mod"
  }
}