{
  "display": {
    "icon": {
      "item": "dark_infection:darkdirt"
    },
    "title": {
      "translate": "advancements.darkling_level_1.title"
    },
    "description": {
      "translate": "advancements.darkling_level_1.descr"
    },
    "frame": "challenge",
    "show_toast": true,
    "announce_to_chat": true,
    "hidden": true
  },
  "criteria": {
    "darkling_level_1": {
      "trigger": "minecraft:impossible"
    }
  },
  "parent": "dark_infection:the_dark_infection"
}